Model,MAE,RMSE,R2
Model A (All),1003.7725230218128,1366.586497090483,0.8522594181523344
Model B (Reduced),1003.7725230218126,1366.586497090483,0.8522594181523344
Model C (log-target),858.3072610591054,1144.6440269637728,0.896350682367626
Ridge,1003.7726274199681,1366.5865626386085,0.8522594039796225
Lasso,1003.7884934357612,1379.3940817458576,0.8494772059498378
