alpha,MAE,R2
0.001,1003.7726274199681,0.8522594039796225
1000.0,1003.7884934357612,0.8494772059498378
