feature,VIF
Cylinders,1378.328903939661
Age_08_04,1.909675896528969
KM,1.6791422893506163
Weight,1.6649104614100694
HP,1.2180660746263758
Doors,1.1554835700950614
cc,1.1508978507303198
Gears,1.1091875292355353
Automatic,1.0476766955768921
